"Symbol","Description","Optionable Stocks","Average Volume (10 Day)","Exchange","Market Capitalization","Beta","Short Interest"
"A","Agilent Technologies Inc","Yes","2,116,120","NYS","$39B (Mid)","1.30","1.3%"
"AA","Alcoa Corp","Yes","6,073,220","NYS","$13B (Mid)","1.94","2.6%"
"AAL","American Airlines Group Inc","Yes","59,748,510","NASDAQ","$10B (Mid)","1.22","9.0%"
"AAON","Aaon Inc","Yes","1,050,480","NASDAQ","$6B (Small)","1.10","8.9%"
"ABNB","Airbnb Inc","Yes","4,531,500","NASDAQ","$82B (Large)","1.09","3.0%"
"ACET","Adicet Bio Inc","Yes","3,295,700","NASDAQ","$72M (Micro)","1.63","5.4%"
"ACIU","AC Immune SA","Yes","2,651,870","NASDAQ","$304M (Micro)","1.62","1.6%"
"ACM","AECOM","Yes","1,555,260","NYS","$13B (Mid)","1.08","2.7%"
"ACMR","ACM Research Inc","Yes","1,251,160","NASDAQ","$3B (Small)","1.44","7.0%"
"ACN","Accenture PLC","Yes","4,320,280","NYS","$168B (Large)","1.24","2.3%"
"ACVA","ACV Auctions Inc","Yes","2,939,050","NYS","$1B (Micro)","1.62","6.0%"
"ADBE","Adobe Inc","Yes","5,596,670","NASDAQ","$149B (Large)","1.51","2.9%"
"ADCT","ADC Therapeutics SA","Yes","1,766,570","NYS","$462M (Micro)","1.95","4.7%"
"ADI","Analog Devices Inc","Yes","3,714,050","NASDAQ","$134B (Large)","1.02","2.1%"
"ADPT","Adaptive Biotechnologies Corp","Yes","3,403,970","NASDAQ","$3B (Small)","2.19","6.8%"
"ADSK","Autodesk Inc","Yes","1,648,820","NASDAQ","$64B (Large)","1.46","1.4%"
"ADV","Advantage Solutions Inc","Yes","1,380,720","NASDAQ","$298M (Micro)","2.17","2.2%"
"AER","AerCap Holdings NV","Yes","1,505,490","NYS","$25B (Mid)","1.07","1.1%"
"AFRM","Affirm Holdings Inc","Yes","5,570,420","NASDAQ","$25B (Mid)","3.55","4.2%"
"AGNC","AGNC Investment Corp","Yes","16,815,700","NASDAQ","$11B (Mid)","1.34","5.6%"
"AHCO","Adapthealth Corp","Yes","1,146,060","NASDAQ","$1B (Micro)","1.70","7.1%"
"AIOT","PowerFleet Inc","Yes","1,288,780","NASDAQ","$717M (Micro)","1.33","9.6%"
"AIV","Apartment Investment and Management Co","Yes","1,952,190","NYS","$810M (Micro)","1.38","2.8%"
"AL","Air Lease Corp","Yes","1,821,110","NYS","$7B (Small)","1.16","1.8%"
"ALB","Albemarle Corp","Yes","2,998,480","NYS","$17B (Mid)","1.40","9.2%"
"ALGM","Allegro Microsystems Inc","Yes","2,335,730","NASDAQ","$5B (Small)","1.60","5.3%"
"ALGN","Align Technology Inc","Yes","1,307,180","NASDAQ","$11B (Mid)","1.81","4.2%"
"ALHC","Alignment Healthcare Inc","Yes","2,716,120","NASDAQ","$4B (Small)","1.15","7.0%"
"ALIT","Alight Inc","Yes","15,136,640","NYS","$1B (Micro)","1.09","4.5%"
"ALK","Alaska Air Group Inc","Yes","3,507,800","NYS","$6B (Small)","1.20","6.9%"
"AMAT","Applied Materials Inc","Yes","6,368,160","NASDAQ","$203B (Large)","1.67","1.9%"
"AMD","Advanced Micro Devices Inc","Yes","29,245,490","NASDAQ","$347B (Large)","1.96","2.5%"
"AMKR","Amkor Technology Inc","Yes","3,885,330","NASDAQ","$10B (Mid)","1.98","3.3%"
"AMPL","Amplitude Inc","Yes","1,081,330","NASDAQ","$2B (Micro)","1.47","3.3%"
"AMRX","Amneal Pharmaceuticals Inc","Yes","2,165,790","NASDAQ","$4B (Small)","1.34","2.1%"
"ANET","Arista Networks Inc","Yes","6,651,990","NYS","$165B (Large)","1.42","1.1%"
"ANNX","Annexon Inc","Yes","2,775,410","NASDAQ","$747M (Micro)","1.19","6.0%"
"AOS","A O Smith Corp","Yes","1,305,210","NYS","$9B (Mid)","1.34","2.7%"
"APG","APi Group Corp","Yes","2,720,850","NYS","$16B (Mid)","1.70","2.7%"
"APLT","Applied Therapeutics Inc","Yes","11,461,460","NASDAQ","$19M (Micro)","2.12","8.4%"
"APO","Apollo Global Management Inc","Yes","3,384,940","NYS","$85B (Large)","1.57","5.7%"
"APP","Applovin Corp","Yes","3,539,520","NASDAQ","$244B (Large)","2.48","4.9%"
"APPS","Digital Turbine Inc","Yes","2,141,890","NASDAQ","$613M (Micro)","2.22","7.2%"
"APTV","Aptiv PLC","Yes","2,006,080","NYS","$17B (Mid)","1.49","2.4%"
"ARAY","Accuray Inc","Yes","1,430,300","NASDAQ","$103M (Micro)","1.11","2.9%"
"ARE","Alexandria Real Estate Equities Inc","Yes","3,284,200","NYS","$8B (Mid)","1.32","3.3%"
"ARES","Ares Management Corp","Yes","8,627,570","NYS","$54B (Large)","1.54","1.9%"
"ARHS","Arhaus Inc","Yes","1,273,080","NASDAQ","$2B (Micro)","2.49","3.2%"
"ARLO","Arlo Technologies Inc","Yes","1,255,580","NYS","$1B (Micro)","1.65","9.6%"
"ARMK","Aramark","Yes","1,935,470","NYS","$10B (Mid)","1.09","3.4%"
"ARR","ARMOUR Residential REIT Inc","Yes","3,309,980","NYS","$2B (Micro)","1.42","9.5%"
"ARWR","Arrowhead Pharmaceuticals Inc","Yes","3,291,210","NASDAQ","$9B (Mid)","1.19","8.4%"
"ATAI","Atai Beckley NV","Yes","2,203,480","NASDAQ","$1B (Micro)","1.62","4.3%"
"ATEC","Alphatec Holdings Inc","Yes","2,196,170","NASDAQ","$3B (Small)","1.03","9.2%"
"ATHA","Athira Pharma Inc","Yes","6,059,190","NASDAQ","$27M (Micro)","2.76","1.8%"
"ATI","ATI Inc","Yes","1,825,120","NYS","$15B (Mid)","1.02","2.0%"
"ATOS","Atossa Therapeutics Inc","Yes","1,479,890","NASDAQ","$91M (Micro)","1.09","1.1%"
"AUPH","Aurinia Pharmaceuticals Inc","Yes","1,234,140","NASDAQ","$2B (Small)","1.47","6.5%"
"AUR","Aurora Innovation Inc","Yes","12,413,880","NASDAQ","$8B (Mid)","2.46","7.3%"
"AUTL","Autolus Therapeutics PLC","Yes","2,620,900","NASDAQ","$434M (Micro)","2.02","4.4%"
"AVAH","Aveanna Healthcare Holdings Inc","Yes","1,125,130","NASDAQ","$2B (Micro)","2.05","2.1%"
"AVAV","AeroVironment Inc","Yes","1,483,570","NASDAQ","$12B (Mid)","1.18","4.8%"
"AVDL","Avadel Pharmaceuticals PLC","Yes","1,547,220","NASDAQ","$2B (Micro)","1.30","6.8%"
"AVGO","Broadcom Inc","Yes","50,429,630","NASDAQ","$2T (Large)","1.24","1.2%"
"AVPT","AvePoint Inc","Yes","2,401,580","NASDAQ","$3B (Small)","1.08","3.4%"
"AXP","American Express Co","Yes","2,619,450","NYS","$259B (Large)","1.15","1.5%"
"AXTA","Axalta Coating Systems Ltd","Yes","4,645,540","NYS","$7B (Small)","1.29","2.4%"
"AXTI","AXT Inc","Yes","4,594,080","NASDAQ","$683M (Micro)","1.93","5.0%"
"BA","Boeing Co","Yes","8,072,500","NYS","$168B (Large)","1.15","2.0%"
"BAC","Bank of America Corp","Yes","43,478,320","NYS","$404B (Large)","1.29","1.6%"
"BALL","Ball Corp","Yes","3,153,990","NYS","$14B (Mid)","1.13","1.7%"
"BB","BlackBerry Ltd","Yes","8,444,640","NYS","$2B (Small)","1.37","4.7%"
"BBBY","Bed Bath & Beyond Inc","Yes","1,709,020","NYS","$414M (Micro)","2.83","7.6%"
"BBWI","Bath & Body Works Inc","Yes","6,632,920","NYS","$4B (Small)","1.49","6.5%"
"BBY","Best Buy Co Inc","Yes","4,944,800","NYS","$15B (Mid)","1.43","6.0%"
"BDN","Brandywine Realty Trust","Yes","4,367,070","NYS","$521M (Micro)","1.28","8.0%"
"BE","Bloom Energy Corp","Yes","13,243,360","NYS","$21B (Mid)","3.05","7.6%"
"BEN","Franklin Resources Inc","Yes","4,202,500","NYS","$13B (Mid)","1.46","4.7%"
"BFLY","Butterfly Network Inc","Yes","5,447,750","NYS","$899M (Micro)","2.27","7.1%"
"BGC","Bgc Group Inc","Yes","3,068,980","NASDAQ","$4B (Small)","1.06","2.6%"
"BK","Bank of New York Mellon Corp","Yes","3,837,440","NYS","$81B (Large)","1.11","1.4%"
"BLDP","Ballard Power Systems Inc","Yes","3,380,040","NASDAQ","$785M (Micro)","1.65","4.7%"
"BLDR","Builders FirstSource Inc","Yes","1,809,310","NYS","$11B (Mid)","1.57","5.0%"
"BLMN","Bloomin' Brands Inc","Yes","2,043,020","NASDAQ","$590M (Micro)","1.10","9.5%"
"BLND","Blend Labs Inc","Yes","2,448,120","NYS","$803M (Micro)","1.24","5.3%"
"BN","Brookfield Corp","Yes","3,973,560","NYS","$112B (Large)","1.60","1.1%"
"BNL","Broadstone Net Lease Inc","Yes","2,104,790","NYS","$3B (Small)","1.03","2.6%"
"BNS","Bank of Nova Scotia","Yes","1,943,970","NYS","$90B (Large)","1.09","1.6%"
"BNTX","Biontech SE","Yes","1,191,120","NASDAQ","$22B (Mid)","1.41","2.5%"
"BORR","Borr Drilling Ltd","Yes","7,054,200","NYS","$1B (Micro)","1.08","4.4%"
"BRKR","Bruker Corp","Yes","1,997,140","NASDAQ","$7B (Small)","1.18","8.8%"
"BROS","Dutch Bros Inc","Yes","2,926,820","NYS","$11B (Mid)","2.53","7.3%"
"BRSL","Brightstar Lottery PLC","Yes","1,502,690","NYS","$3B (Small)","1.06","2.8%"
"BRX","Brixmor Property Group Inc","Yes","3,373,010","NYS","$8B (Mid)","1.08","4.3%"
"BRZE","Braze Inc","Yes","3,688,380","NASDAQ","$4B (Small)","1.05","4.9%"
"BSY","Bentley Systems Inc","Yes","2,289,500","NASDAQ","$12B (Mid)","1.21","3.3%"
"BTCS","BTCS Inc","Yes","1,195,730","NASDAQ","$141M (Micro)","1.57","4.2%"
"BURL","Burlington Stores Inc","Yes","1,025,710","NYS","$18B (Mid)","1.74","4.2%"
"BW","Babcock & Wilcox Enterprises Inc","Yes","3,347,170","NYS","$544M (Micro)","1.48","2.7%"
"BWA","Borgwarner Inc","Yes","2,545,130","NYS","$10B (Mid)","1.06","4.1%"
"BWIN","Baldwin Insurance Group Inc","Yes","1,268,920","NASDAQ","$3B (Small)","1.39","6.2%"
"BX","Blackstone Inc","Yes","4,244,200","NYS","$185B (Large)","1.74","1.0%"
"BXMT","Blackstone Mortgage Trust Inc","Yes","1,513,440","NYS","$3B (Small)","1.09","6.6%"
"BXP","BXP Inc","Yes","1,433,780","NYS","$11B (Mid)","1.03","6.7%"
"C","Citigroup Inc","Yes","13,501,140","NYS","$206B (Large)","1.16","1.5%"
"CAN","Canaan Inc","Yes","18,447,740","NASDAQ","$558M (Micro)","2.90","5.3%"
"CARR","Carrier Global Corp","Yes","9,764,510","NYS","$45B (Large)","1.31","1.6%"
"CAT","Caterpillar Inc","Yes","2,814,780","NYS","$270B (Large)","1.57","1.4%"
"CATX","Perspective Therapeutics Inc","Yes","1,771,340","NYS","$204M (Micro)","1.19","9.0%"
"CBRE","CBRE Group Inc","Yes","1,584,810","NYS","$48B (Large)","1.34","1.2%"
"CC","Chemours Co","Yes","2,368,660","NYS","$2B (Micro)","1.60","9.1%"
"CCCC","C4 Therapeutics Inc","Yes","2,238,020","NASDAQ","$197M (Micro)","2.95","5.0%"
"CCL","Carnival Corp","Yes","18,718,270","NYS","$36B (Mid)","2.51","4.7%"
"CCO","Clear Channel Outdoor Holdings Inc","Yes","2,546,820","NYS","$1B (Micro)","2.27","3.2%"
"CDE","Coeur Mining Inc","Yes","17,732,410","NYS","$12B (Mid)","1.24","6.4%"
"CDNS","Cadence Design Systems Inc","Yes","1,442,140","NASDAQ","$86B (Large)","1.02","1.5%"
"CDW","CDW Corp","Yes","1,528,880","NASDAQ","$18B (Mid)","1.07","3.4%"
"CDXS","Codexis Inc","Yes","1,049,760","NASDAQ","$150M (Micro)","2.44","5.4%"
"CE","Celanese Corp","Yes","2,201,880","NYS","$5B (Small)","1.11","7.3%"
"CEG","Constellation Energy Corp","Yes","2,720,410","NASDAQ","$111B (Large)","1.15","2.0%"
"CENX","Century Aluminum Co","Yes","1,764,240","NASDAQ","$3B (Small)","2.26","8.3%"
"CERS","Cerus Corp","Yes","1,871,940","NASDAQ","$401M (Micro)","1.49","3.0%"
"CFG","Citizens Financial Group Inc","Yes","6,163,970","NYS","$25B (Mid)","1.08","3.0%"
"CG","Carlyle Group Inc","Yes","2,906,400","NASDAQ","$21B (Mid)","2.03","3.6%"
"CGNX","Cognex Corp","Yes","2,152,710","NASDAQ","$6B (Small)","1.52","4.2%"
"CHGG","Chegg Inc","Yes","1,429,840","NYS","$104M (Micro)","1.95","5.6%"
"CHWY","Chewy Inc","Yes","10,811,370","NYS","$13B (Mid)","1.57","3.1%"
"CIEN","Ciena Corp","Yes","3,732,650","NYS","$32B (Mid)","1.14","4.1%"
"CLBT","Cellebrite DI Ltd","Yes","1,122,730","NASDAQ","$5B (Small)","1.26","3.1%"
"CLOV","Clover Health Investments Corp","Yes","3,897,200","NASDAQ","$1B (Micro)","2.11","8.4%"
"CLS","Celestica Inc","Yes","2,847,650","NYS","$34B (Mid)","1.90","2.9%"
"CLVT","Clarivate PLC","Yes","6,434,370","NYS","$2B (Small)","1.51","6.4%"
"CM","Canadian Imperial Bank of Commerce","Yes","1,003,770","NYS","$86B (Large)","1.03","1.1%"
"CMA","Comerica Inc","Yes","1,713,510","NYS","$11B (Mid)","1.04","5.7%"
"CMC","Commercial Metals Co","Yes","1,163,640","NYS","$8B (Mid)","1.48","3.9%"
"CMPS","Compass Pathways PLC","Yes","1,450,360","NASDAQ","$612M (Micro)","1.93","6.5%"
"CMPX","Compass Therapeutics Inc.","Yes","1,487,810","NASDAQ","$896M (Micro)","1.28","9.3%"
"CNDT","Conduent Inc","Yes","1,067,790","NASDAQ","$315M (Micro)","1.30","2.5%"
"CNH","CNH Industrial NV","Yes","12,970,920","NYS","$12B (Mid)","1.29","3.8%"
"CNTA","Centessa Pharmaceuticals PLC","Yes","1,558,180","NASDAQ","$4B (Small)","1.58","4.1%"
"CODI","Compass Diversified Holdings","Yes","2,328,530","NYS","$360M (Micro)","1.08","6.0%"
"CODX","Co-Diagnostics Inc","Yes","1,698,230","NASDAQ","$17M (Micro)","1.24","2.8%"
"COF","Capital One Financial Corp","Yes","3,818,490","NYS","$155B (Large)","1.12","1.4%"
"COHR","Coherent Corp","Yes","5,016,800","NYS","$29B (Mid)","1.83","3.9%"
"COIN","Coinbase Global Inc (Pre-Reincorpoartion)","Yes","7,946,970","NASDAQ","$66B (Large)","3.71","5.8%"
"COMM","CommScope Holding Company Inc","Yes","3,916,530","NASDAQ","$4B (Small)","2.41","6.6%"
"COMP","Compass Inc","Yes","11,465,450","NYS","$6B (Small)","2.52","9.0%"
"COO","Cooper Companies Inc","Yes","3,959,500","NASDAQ","$16B (Mid)","1.02","3.5%"
"COST","Costco Wholesale Corp","Yes","3,128,190","NASDAQ","$380B (Large)","1.02","1.6%"
"COUR","Coursera Inc","Yes","4,949,590","NYS","$1B (Micro)","1.36","4.8%"
"CPNG","Coupang Inc","Yes","17,173,620","NYS","$42B (Large)","1.22","1.3%"
"CPRI","Capri Holdings Ltd","Yes","2,976,870","NYS","$3B (Small)","1.44","9.0%"
"CPRT","Copart Inc","Yes","8,539,090","NASDAQ","$38B (Mid)","1.10","3.0%"
"CRDO","Credo Technology Group Holding Ltd","Yes","6,066,560","NASDAQ","$27B (Mid)","2.69","4.5%"
"CRGY","Crescent Energy Co","Yes","6,432,780","NYS","$3B (Small)","1.22","7.3%"
"CRH","CRH PLC","Yes","10,311,030","NYS","$83B (Large)","1.19","1.5%"
"CRM","Salesforce Inc","Yes","8,572,900","NYS","$244B (Large)","1.25","1.9%"
"CRS","Carpenter Technology Corp","Yes","1,224,940","NYS","$16B (Mid)","1.29","4.9%"
"CRSR","Corsair Gaming Inc","Yes","1,007,710","NASDAQ","$654M (Micro)","1.52","3.0%"
"CRWD","CrowdStrike Holdings Inc","Yes","2,146,020","NASDAQ","$121B (Large)","1.03","2.7%"
"CSTM","Constellium SE","Yes","1,340,130","NYS","$3B (Small)","1.52","2.4%"
"CSX","CSX Corp","Yes","11,320,790","NASDAQ","$68B (Large)","1.29","1.6%"
"CTKB","Cytek Biosciences Inc","Yes","1,347,250","NASDAQ","$633M (Micro)","1.32","5.2%"
"CUBE","CubeSmart","Yes","2,273,530","NYS","$8B (Mid)","1.12","2.3%"
"CUZ","Cousins Properties Inc","Yes","1,574,400","NYS","$4B (Small)","1.21","5.3%"
"CVI","CVR Energy Inc","Yes","1,116,190","NYS","$3B (Small)","1.14","5.4%"
"CVNA","Carvana Co","Yes","5,351,380","NYS","$98B (Large)","3.51","5.3%"
"CWK","Cushman & Wakefield Ltd","Yes","2,290,150","NYS","$4B (Small)","1.48","4.5%"
"CYH","Community Health Systems Inc","Yes","1,549,600","NYS","$452M (Micro)","2.05","7.1%"
"DAL","Delta Air Lines Inc","Yes","8,501,450","NYS","$46B (Large)","1.37","2.5%"
"DAN","Dana Inc","Yes","1,928,800","NYS","$3B (Small)","2.11","4.5%"
"DAR","Darling Ingredients Inc","Yes","2,056,510","NYS","$5B (Small)","1.26","7.8%"
"DASH","DoorDash Inc","Yes","4,659,460","NASDAQ","$101B (Large)","1.68","3.0%"
"DAVA","Endava PLC","Yes","1,317,630","NYS","$372M (Micro)","1.23","4.8%"
"DAY","Dayforce Inc","Yes","4,132,090","NYS","$11B (Mid)","1.18","2.8%"
"DBRG","DigitalBridge Group Inc","Yes","10,738,320","NYS","$2B (Small)","1.68","5.8%"
"DC","Dakota Gold Corp","Yes","1,084,970","NYS","$659M (Micro)","1.05","2.7%"
"DD","Dupont De Nemours Inc","Yes","4,696,860","NYS","$17B (Mid)","1.05","5.9%"
"DDOG","Datadog Inc","Yes","3,790,310","NASDAQ","$49B (Large)","1.27","2.8%"
"DE","Deere & Co","Yes","1,568,680","NYS","$127B (Large)","1.00","1.6%"
"DECK","Deckers Outdoor Corp","Yes","3,178,640","NYS","$14B (Mid)","1.14","3.4%"
"DELL","Dell Technologies Inc","Yes","5,736,270","NYS","$84B (Large)","1.03","2.9%"
"DENN","Denny's Corp","Yes","1,884,390","NASDAQ","$320M (Micro)","1.37","8.5%"
"DHC","Diversified Healthcare Trust","Yes","1,021,340","NASDAQ","$1B (Micro)","2.40","2.3%"
"DHI","D.R. Horton Inc","Yes","3,044,060","NYS","$43B (Large)","1.42","4.1%"
"DIS","Walt Disney Co","Yes","12,549,010","NYS","$199B (Large)","1.43","1.1%"
"DJT","Trump Media & Technology Group Corp","Yes","13,325,860","NASDAQ","$4B (Small)","4.58","5.0%"
"DKNG","Draftkings Inc","Yes","10,410,280","NASDAQ","$17B (Mid)","1.62","6.9%"
"DKS","DICK'S Sporting Goods Inc","Yes","1,462,360","NYS","$19B (Mid)","1.19","5.1%"
"DLO","Dlocal Ltd","Yes","1,241,840","NASDAQ","$4B (Small)","1.12","4.6%"
"DLR","Digital Realty Trust Inc","Yes","2,397,570","NYS","$52B (Large)","1.13","2.7%"
"DNLI","Denali Therapeutics Inc","Yes","2,099,990","NASDAQ","$3B (Small)","1.05","9.6%"
"DNN","Denison Mines Corp","Yes","41,876,270","NYS","$2B (Small)","1.25","10.0%"
"DOC","Healthpeak Properties Inc","Yes","7,658,330","NYS","$11B (Mid)","1.10","2.9%"
"DOCS","Doximity Inc","Yes","3,786,610","NYS","$8B (Mid)","1.40","2.7%"
"DOMO","Domo Inc","Yes","1,409,220","NASDAQ","$361M (Micro)","1.66","7.3%"
"DOV","Dover Corp","Yes","1,138,190","NYS","$27B (Mid)","1.30","3.6%"
"DRH","Diamondrock Hospitality Co","Yes","2,796,520","NASDAQ","$2B (Micro)","1.03","9.4%"
"DRVN","Driven Brands Holdings Inc","Yes","1,040,580","NASDAQ","$2B (Small)","1.02","4.7%"
"DXC","DXC Technology Co","Yes","2,579,170","NYS","$3B (Small)","1.02","6.3%"
"DXCM","Dexcom Inc","Yes","5,717,630","NASDAQ","$26B (Mid)","1.48","3.4%"
"EB","Eventbrite Inc","Yes","1,642,550","NYS","$435M (Micro)","1.32","2.2%"
"EBAY","eBay Inc","Yes","4,455,610","NASDAQ","$38B (Mid)","1.35","2.9%"
"ECVT","Ecovyst Inc","Yes","1,667,640","NYS","$1B (Micro)","1.19","4.6%"
"EFX","Equifax Inc","Yes","1,654,380","NYS","$27B (Mid)","1.55","3.1%"
"EL","Estee Lauder Companies Inc","Yes","3,808,320","NYS","$39B (Mid)","1.12","2.5%"
"ELAN","Elanco Animal Health Inc","Yes","5,894,690","NYS","$11B (Mid)","1.87","4.5%"
"EMN","Eastman Chemical Co","Yes","1,909,100","NYS","$7B (Small)","1.23","3.6%"
"EMR","Emerson Electric Co","Yes","2,399,040","NYS","$75B (Large)","1.25","2.8%"
"ENTG","Entegris Inc","Yes","2,838,110","NASDAQ","$13B (Mid)","1.30","5.8%"
"EPRT","Essential Properties Realty Trust Inc","Yes","1,716,150","NYS","$6B (Small)","1.01","7.4%"
"EQH","Equitable Holdings Inc","Yes","2,278,870","NYS","$14B (Mid)","1.12","3.0%"
"EQX","Equinox Gold Corp","Yes","10,130,400","NYS","$11B (Mid)","1.25","3.5%"
"ERAS","Erasca Inc","Yes","2,376,320","NASDAQ","$979M (Micro)","1.14","5.7%"
"ESI","Element Solutions Inc","Yes","2,506,180","NYS","$6B (Small)","1.28","4.8%"
"ESRT","Empire State Realty Trust Inc","Yes","1,326,540","NYS","$1B (Micro)","1.35","3.3%"
"ETN","Eaton Corporation PLC","Yes","3,322,850","NYS","$123B (Large)","1.20","1.8%"
"EVLV","Evolv Technologies Holdings Inc","Yes","2,782,910","NASDAQ","$1B (Micro)","1.82","5.3%"
"EVTL","Vertical Aerospace Ltd","Yes","2,835,190","NYS","$548M (Micro)","1.20","4.1%"
"EXAS","Exact Sciences Corp","Yes","4,644,170","NASDAQ","$19B (Mid)","1.40","3.9%"
"EXK","Endeavour Silver Corp","Yes","14,942,790","NYS","$3B (Small)","1.25","6.8%"
"EXPD","Expeditors International of Washington Inc","Yes","1,373,540","NYS","$20B (Mid)","1.13","3.9%"
"EXPE","Expedia Group Inc","Yes","1,959,610","NASDAQ","$35B (Mid)","1.41","5.4%"
"EXPI","eXp World Holdings Inc","Yes","1,099,020","NASDAQ","$2B (Micro)","1.96","7.3%"
"EXR","Extra Space Storage Inc","Yes","1,456,540","NYS","$28B (Mid)","1.27","2.2%"
"EXTR","Extreme Networks Inc","Yes","1,202,780","NASDAQ","$2B (Small)","1.64","6.8%"
"F","Ford Motor Co","Yes","54,650,210","NYS","$54B (Large)","1.62","4.5%"
"FATE","Fate Therapeutics Inc","Yes","1,254,840","NASDAQ","$121M (Micro)","2.22","6.6%"
"FBIN","Fortune Brands Innovations Inc","Yes","1,603,040","NYS","$6B (Small)","1.39","3.8%"
"FCEL","Fuelcell Energy Inc","Yes","3,110,130","NASDAQ","$398M (Micro)","1.05","5.2%"
"FCX","Freeport-McMoRan Inc","Yes","16,344,890","NYS","$71B (Large)","1.44","1.6%"
"FDMT","4D Molecular Therapeutics Inc","Yes","1,141,500","NASDAQ","$496M (Micro)","2.99","9.1%"
"FDX","FedEx Corp","Yes","1,635,760","NYS","$68B (Large)","1.35","2.1%"
"FERG","Ferguson Enterprises Inc","Yes","2,038,220","NYS","$45B (Large)","1.14","2.0%"
"FIGS","Figs Inc","Yes","2,618,270","NYS","$2B (Micro)","1.27","6.4%"
"FIVE","Five Below Inc","Yes","1,297,450","NASDAQ","$10B (Mid)","1.12","5.3%"
"FLEX","Flex Ltd","Yes","9,336,890","NASDAQ","$24B (Mid)","1.23","1.5%"
"FLR","Fluor Corp","Yes","2,723,170","NYS","$7B (Small)","1.35","5.6%"
"FLS","Flowserve Corp","Yes","1,358,040","NYS","$9B (Mid)","1.31","3.5%"
"FLUT","Flutter Entertainment PLC","Yes","2,404,210","NYS","$39B (Mid)","1.15","3.9%"
"FLYW","Flywire Corp","Yes","1,648,790","NASDAQ","$2B (Micro)","1.27","4.4%"
"FND","Floor & Decor Holdings Inc","Yes","2,741,990","NYS","$7B (Small)","1.73","7.9%"
"FNF","Fidelity National Financial Inc","Yes","1,597,130","NYS","$15B (Mid)","1.02","1.3%"
"FOXF","Fox Factory Holding Corp","Yes","1,080,240","NASDAQ","$724M (Micro)","1.44","3.9%"
"FROG","Jfrog Ltd","Yes","2,645,500","NASDAQ","$8B (Mid)","1.12","1.5%"
"FSLR","First Solar Inc","Yes","1,952,490","NASDAQ","$29B (Mid)","1.60","8.7%"
"FTNT","Fortinet Inc","Yes","6,013,430","NASDAQ","$60B (Large)","1.07","2.8%"
"FTV","Fortive Corp","Yes","2,931,060","NYS","$17B (Mid)","1.12","2.5%"
"FUBO","FuboTV Inc","Yes","9,519,450","NYS","$3B (Small)","1.95","5.1%"
"FULC","Fulcrum Therapeutics Inc","Yes","4,407,500","NASDAQ","$810M (Micro)","3.18","6.6%"
"GAP","Gap Inc","Yes","8,185,420","NYS","$10B (Mid)","2.28","5.6%"
"GDRX","GoodRx Holdings Inc","Yes","2,030,640","NASDAQ","$940M (Micro)","1.45","2.1%"
"GE","GE Aerospace","Yes","5,464,560","NYS","$324B (Large)","1.42","1.2%"
"GEN","Gen Digital Inc","Yes","4,891,190","NASDAQ","$17B (Mid)","1.07","3.2%"
"GENI","Genius Sports Ltd","Yes","3,535,870","NYS","$3B (Small)","1.80","7.6%"
"GETY","Getty Images Holdings Inc","Yes","2,225,930","NYS","$524M (Micro)","2.07","3.2%"
"GFS","GlobalFoundries Inc","Yes","3,561,990","NASDAQ","$20B (Mid)","1.48","2.8%"
"GGAL","Grupo Financiero Galicia SA","Yes","1,404,050","NASDAQ","$7B (Small)","1.49","4.9%"
"GGB","Gerdau SA","Yes","15,249,880","NYS","$5B (Small)","1.44","1.7%"
"GH","Guardant Health Inc","Yes","2,206,570","NASDAQ","$13B (Mid)","1.60","7.0%"
"GIL","Gildan Activewear Inc","Yes","1,465,890","NYS","$12B (Mid)","1.07","5.8%"
"GLBE","Global-E Online Ltd","Yes","1,174,700","NASDAQ","$7B (Small)","1.23","3.2%"
"GLW","Corning Inc","Yes","7,303,650","NYS","$75B (Large)","1.12","1.8%"
"GLXY","Galaxy Digital Inc","Yes","7,481,350","NASDAQ","$9B (Mid)","3.88","6.5%"
"GM","General Motors Co","Yes","10,360,930","NYS","$77B (Large)","1.30","2.2%"
"GMED","Globus Medical Inc","Yes","1,518,320","NYS","$12B (Mid)","1.07","3.6%"
"GNL","Global Net Lease Inc","Yes","1,510,890","NYS","$2B (Micro)","1.10","3.2%"
"GNRC","Generac Holdings Inc","Yes","1,014,070","NYS","$8B (Mid)","1.83","6.7%"
"GNW","Genworth Financial Inc","Yes","4,318,920","NYS","$4B (Small)","1.06","1.8%"
"GRMN","Garmin Ltd","Yes","1,052,310","NYS","$39B (Mid)","1.01","1.6%"
"GRWG","GrowGeneration Corp","Yes","1,624,300","NASDAQ","$113M (Micro)","2.33","2.2%"
"GS","Goldman Sachs Group Inc","Yes","2,300,080","NYS","$268B (Large)","1.31","2.3%"
"GT","Goodyear Tire & Rubber Co","Yes","5,493,940","NASDAQ","$3B (Small)","1.17","8.4%"
"GTES","Gates Industrial Corporation PLC","Yes","2,327,280","NYS","$6B (Small)","1.25","3.2%"
"GTM","Zoominfo Technologies Inc","Yes","5,589,600","NASDAQ","$3B (Small)","1.06","9.3%"
"GWRE","Guidewire Software Inc","Yes","1,446,690","NYS","$17B (Mid)","1.09","1.8%"
"GXO","GXO Logistics Inc","Yes","1,046,950","NYS","$6B (Small)","1.70","6.2%"
"HAYW","Hayward Holdings Inc","Yes","1,411,030","NYS","$3B (Small)","1.12","4.3%"
"HCA","HCA Healthcare Inc","Yes","1,258,020","NYS","$108B (Large)","1.37","2.0%"
"HD","Home Depot Inc","Yes","5,164,820","NYS","$343B (Large)","1.07","1.0%"
"HIMX","Himax Technologies Inc","Yes","1,392,280","NASDAQ","$1B (Micro)","1.85","2.0%"
"HIW","Highwoods Properties Inc","Yes","1,588,380","NYS","$3B (Small)","1.09","5.2%"
"HL","Hecla Mining Co","Yes","19,812,420","NYS","$13B (Mid)","1.26","4.0%"
"HLIT","Harmonic Inc","Yes","1,383,780","NASDAQ","$1B (Micro)","1.03","1.7%"
"HLMN","Hillman Solutions Corp","Yes","1,082,730","NASDAQ","$2B (Micro)","1.62","2.7%"
"HLT","Hilton Worldwide Holdings Inc","Yes","1,793,130","NYS","$68B (Large)","1.15","2.9%"
"HLX","Helix Energy Solutions Group Inc","Yes","1,679,730","NYS","$903M (Micro)","1.26","2.4%"
"HOOD","Robinhood Markets Inc","Yes","26,905,250","NASDAQ","$109B (Large)","2.45","5.1%"
"HOUS","Anywhere Real Estate Inc","Yes","1,594,180","NYS","$2B (Micro)","1.87","8.6%"
"HPE","Hewlett Packard Enterprise Co","Yes","35,119,750","NYS","$33B (Mid)","1.32","3.7%"
"HPP","Hudson Pacific Properties Inc","Yes","1,469,020","NYS","$560M (Micro)","1.53","9.6%"
"HPQ","HP Inc","Yes","12,433,830","NYS","$21B (Mid)","1.21","7.2%"
"HST","Host Hotels & Resorts Inc","Yes","8,430,530","NASDAQ","$13B (Mid)","1.18","5.2%"
"HUBG","Hub Group Inc","Yes","1,025,000","NASDAQ","$3B (Small)","1.12","2.4%"
"HWM","Howmet Aerospace Inc","Yes","2,517,830","NYS","$82B (Large)","1.30","2.4%"
"HXL","Hexcel Corp","Yes","1,453,230","NYS","$6B (Small)","1.07","8.4%"
"HYMC","Hycroft Mining Holding Corporation","Yes","1,921,260","NASDAQ","$1B (Micro)","2.69","3.3%"
"IAG","IAMGOLD Corp","Yes","6,867,530","NYS","$10B (Mid)","1.38","2.0%"
"ICE","Intercontinental Exchange Inc","Yes","3,751,130","NYS","$91B (Large)","1.03","1.1%"
"IE","Ivanhoe Electric Inc","Yes","1,518,030","NYS","$2B (Small)","1.00","7.2%"
"IFF","International Flavors & Fragrances Inc","Yes","2,604,670","NYS","$17B (Mid)","1.06","2.5%"
"IHRT","iHeartMedia Inc","Yes","1,602,750","NASDAQ","$661M (Micro)","1.66","3.7%"
"ILMN","Illumina Inc","Yes","1,655,590","NASDAQ","$21B (Mid)","1.41","4.3%"
"IMMP","Immutep Ltd","Yes","3,420,280","NASDAQ","$388M (Micro)","1.74","3.1%"
"IMUX","Immunic Inc","Yes","1,520,210","NASDAQ","$69M (Micro)","1.56","4.8%"
"INDV","Indivior PLC","Yes","3,511,160","NASDAQ","$4B (Small)","1.10","4.0%"
"INSM","Insmed Inc","Yes","4,043,750","NASDAQ","$37B (Mid)","1.11","4.2%"
"INTC","Intel Corp","Yes","71,737,800","NASDAQ","$176B (Large)","1.36","2.8%"
"INTR","Inter & Co Inc","Yes","2,595,220","NASDAQ","$4B (Small)","1.19","1.8%"
"INTU","Intuit Inc","Yes","1,973,660","NASDAQ","$187B (Large)","1.25","1.8%"
"IOT","Samsara Inc","Yes","8,344,690","NYS","$22B (Mid)","1.61","4.0%"
"IQV","IQVIA Holdings Inc","Yes","1,307,460","NYS","$38B (Mid)","1.37","2.9%"
"IR","Ingersoll Rand Inc","Yes","2,758,300","NYS","$31B (Mid)","1.33","4.5%"
"IRM","Iron Mountain Inc","Yes","2,284,530","NYS","$24B (Mid)","1.16","3.4%"
"IRT","Independence Realty Trust Inc","Yes","2,666,470","NYS","$4B (Small)","1.01","6.1%"
"ISRG","Intuitive Surgical Inc","Yes","1,701,850","NASDAQ","$203B (Large)","1.67","2.1%"
"IT","Gartner Inc","Yes","1,009,550","NYS","$18B (Mid)","1.06","6.5%"
"ITT","ITT Inc","Yes","1,603,790","NYS","$15B (Mid)","1.37","1.7%"
"ITW","Illinois Tool Works Inc","Yes","1,167,420","NYS","$73B (Large)","1.16","2.6%"
"IVR","Invesco Mortgage Capital Inc","Yes","1,328,750","NYS","$626M (Micro)","1.65","8.9%"
"IVZ","Invesco Ltd","Yes","5,763,280","NYS","$12B (Mid)","1.61","2.8%"
"JBHT","J B Hunt Transport Services Inc","Yes","1,221,380","NASDAQ","$19B (Mid)","1.25","2.9%"
"JBI","Janus International Group Inc","Yes","2,500,820","NYS","$941M (Micro)","1.42","2.4%"
"JBL","Jabil Inc","Yes","1,781,210","NYS","$24B (Mid)","1.25","3.8%"
"JCI","Johnson Controls International PLC","Yes","5,975,030","NYS","$73B (Large)","1.42","3.2%"
"JEF","Jefferies Financial Group Inc","Yes","1,793,600","NYS","$13B (Mid)","1.50","2.3%"
"JELD","JELD-WEN Holding Inc","Yes","1,373,460","NYS","$236M (Micro)","1.70","2.3%"
"JHG","Janus Henderson Group PLC","Yes","1,014,590","NYS","$7B (Small)","1.53","1.2%"
"JHX","James Hardie Industries PLC","Yes","5,504,730","NYS","$12B (Mid)","1.80","2.4%"
"JMIA","Jumia Technologies AG","Yes","3,301,410","NYS","$2B (Micro)","2.24","5.0%"
"JOBY","Joby Aviation Inc","Yes","16,114,680","NYS","$13B (Mid)","2.55","6.9%"
"KBH","KB Home","Yes","1,431,270","NYS","$4B (Small)","1.42","9.9%"
"KC","Kingsoft Cloud Holdings Ltd","Yes","1,021,960","NASDAQ","$3B (Small)","2.02","3.5%"
"KD","Kyndryl Holdings Inc","Yes","1,754,680","NYS","$6B (Small)","1.92","8.1%"
"KEY","KeyCorp","Yes","21,415,260","NYS","$23B (Mid)","1.06","2.7%"
"KEYS","Keysight Technologies Inc","Yes","1,172,520","NYS","$35B (Mid)","1.18","1.9%"
"KIM","Kimco Realty Corp","Yes","4,333,190","NYS","$14B (Mid)","1.06","3.7%"
"KKR","KKR & Co Inc","Yes","4,992,210","NYS","$116B (Large)","1.98","1.3%"
"KMX","Carmax Inc","Yes","4,670,470","NYS","$6B (Small)","1.28","10.0%"
"KNX","Knight-Swift Transportation Holdings Inc","Yes","3,823,500","NYS","$9B (Mid)","1.14","5.2%"
"KODK","Eastman Kodak Co","Yes","1,636,150","NYS","$803M (Micro)","1.43","7.0%"
"KOPN","Kopin Corp","Yes","2,793,930","NASDAQ","$429M (Micro)","2.70","6.3%"
"KTOS","Kratos Defense and Security Solutions Inc","Yes","1,851,590","NASDAQ","$13B (Mid)","1.10","5.3%"
"LAB","Standard BioTools Inc","Yes","1,472,100","NASDAQ","$627M (Micro)","1.22","3.1%"
"LAR","Lithium Argentina AG","Yes","2,631,680","NYS","$880M (Micro)","1.13","5.5%"
"LAZ","Lazard Inc","Yes","1,154,330","NYS","$5B (Small)","1.36","6.1%"
"LBTYA","Liberty Global Ltd","Yes","1,862,330","NASDAQ","$2B (Micro)","1.12","3.2%"
"LC","LendingClub Corp","Yes","1,830,170","NYS","$2B (Small)","2.07","5.1%"
"LDI","loanDepot Inc","Yes","3,987,760","NYS","$750M (Micro)","3.16","4.7%"
"LEN","Lennar Corp","Yes","5,026,980","NYS","$24B (Mid)","1.45","9.1%"
"LEVI","Levi Strauss & Co","Yes","1,806,740","NYS","$8B (Mid)","1.32","2.1%"
"LFMD","LifeMD Inc","Yes","1,059,570","NASDAQ","$155M (Micro)","1.47","9.1%"
"LFST","LifeStance Health Group Inc","Yes","2,522,840","NASDAQ","$3B (Small)","1.11","1.6%"
"LNC","Lincoln National Corp","Yes","1,813,590","NYS","$9B (Mid)","1.30","3.0%"
"LPTH","LightPath Technologies Inc","Yes","1,475,640","NASDAQ","$383M (Micro)","1.04","4.4%"
"LPX","Louisiana-Pacific Corp","Yes","1,028,910","NYS","$6B (Small)","1.79","5.9%"
"LRCX","Lam Research Corp","Yes","10,142,780","NASDAQ","$216B (Large)","1.77","2.6%"
"LSCC","Lattice Semiconductor Corp","Yes","1,826,120","NASDAQ","$10B (Mid)","1.71","8.6%"
"LTH","Life Time Group Holdings Inc","Yes","1,846,910","NYS","$6B (Small)","1.68","2.3%"
"LUMN","Lumen Technologies Inc","Yes","12,359,450","NYS","$8B (Mid)","1.47","5.6%"
"LUV","Southwest Airlines Co","Yes","15,081,900","NYS","$21B (Mid)","1.13","6.5%"
"LWLG","Lightwave Logic Inc","Yes","2,111,580","NASDAQ","$435M (Micro)","2.91","8.5%"
"LYV","Live Nation Entertainment Inc","Yes","2,974,830","NYS","$33B (Mid)","1.19","7.7%"
"LZ","LegalZoom.com Inc","Yes","2,019,550","NASDAQ","$2B (Micro)","1.21","5.5%"
"M","Macy's Inc","Yes","7,144,120","NYS","$6B (Small)","1.44","7.2%"
"MAC","Macerich Co","Yes","1,923,190","NYS","$5B (Small)","2.04","4.8%"
"MAPS","WM Technology Inc","Yes","2,190,500","NASDAQ","$146M (Micro)","1.08","1.1%"
"MAR","Marriott International Inc","Yes","1,855,230","NASDAQ","$83B (Large)","1.15","3.2%"
"MAS","Masco Corp","Yes","2,777,840","NYS","$13B (Mid)","1.27","3.8%"
"MBOT","Microbot Medical Inc","Yes","1,957,690","NASDAQ","$139M (Micro)","1.24","6.9%"
"MCHP","Microchip Technology Inc","Yes","8,650,400","NASDAQ","$35B (Mid)","1.42","4.4%"
"MCW","Mister Car Wash Inc","Yes","1,182,160","NASDAQ","$2B (Micro)","1.45","4.2%"
"MDB","MongoDB Inc","Yes","1,699,870","NASDAQ","$35B (Mid)","1.35","4.8%"
"META","Meta Platforms Inc","Yes","15,706,750","NASDAQ","$2T (Large)","1.28","1.2%"
"MFA","MFA Financial Inc","Yes","1,118,370","NYS","$994M (Micro)","1.65","2.5%"
"MGA","Magna International Inc","Yes","1,591,660","NYS","$16B (Mid)","1.46","3.4%"
"MGM","MGM Resorts International","Yes","4,286,750","NYS","$10B (Mid)","1.45","8.3%"
"MGNX","MacroGenics Inc","Yes","3,010,390","NASDAQ","$95M (Micro)","1.51","5.6%"
"MHK","Mohawk Industries Inc","Yes","1,062,720","NYS","$7B (Small)","1.22","3.3%"
"MIDD","Middleby Corp","Yes","1,029,780","NASDAQ","$7B (Small)","1.36","5.2%"
"MITK","Mitek Systems Inc","Yes","1,427,300","NASDAQ","$484M (Micro)","1.06","4.8%"
"MLTX","MoonLake Immunotherapeutics","Yes","1,822,180","NASDAQ","$953M (Micro)","1.21","5.4%"
"MMM","3M Co","Yes","2,754,910","NYS","$86B (Large)","1.08","1.4%"
"MNDY","monday.com Ltd","Yes","1,097,440","NASDAQ","$8B (Small)","1.25","6.0%"
"MQ","Marqeta Inc","Yes","4,110,320","NASDAQ","$2B (Small)","1.47","3.8%"
"MRUS","Merus NV","Yes","1,214,770","NASDAQ","$7B (Small)","1.08","2.0%"
"MRVL","Marvell Technology Inc","Yes","19,756,350","NASDAQ","$71B (Large)","1.95","4.3%"
"MSI","Motorola Solutions Inc","Yes","1,669,740","NYS","$62B (Large)","1.01","1.3%"
"MSTR","Strategy Inc","Yes","20,113,590","NASDAQ","$47B (Large)","3.43","9.6%"
"MTCH","Match Group Inc","Yes","3,127,600","NASDAQ","$8B (Mid)","1.33","4.3%"
"MTDR","Matador Resources Co","Yes","1,499,300","NYS","$5B (Small)","1.09","8.4%"
"MTSI","MACOM Technology Solutions Holdings Inc","Yes","1,199,720","NASDAQ","$13B (Mid)","1.43","3.5%"
"MU","Micron Technology Inc","Yes","28,251,220","NASDAQ","$299B (Large)","1.51","2.4%"
"MVST","Microvast Holdings Inc","Yes","5,091,490","NASDAQ","$952M (Micro)","3.39","7.6%"
"MWA","Mueller Water Products Inc","Yes","1,541,560","NYS","$4B (Small)","1.17","2.4%"
"MXCT","MaxCyte Inc","Yes","2,045,030","NASDAQ","$160M (Micro)","1.23","2.8%"
"MXL","Maxlinear Inc","Yes","1,374,790","NASDAQ","$2B (Micro)","1.75","6.9%"
"NAVI","Navient Corp","Yes","1,113,310","NASDAQ","$1B (Micro)","1.28","7.6%"
"NCLH","Norwegian Cruise Line Holdings Ltd","Yes","20,327,950","NYS","$10B (Mid)","2.06","8.2%"
"NDAQ","Nasdaq Inc","Yes","4,121,300","NASDAQ","$54B (Large)","1.02","1.3%"
"NE","Noble Corporation PLC","Yes","1,932,760","NYS","$4B (Small)","1.12","7.0%"
"NEO","Neogenomics Inc","Yes","1,600,400","NASDAQ","$2B (Micro)","1.57","6.5%"
"NEOG","Neogen Corp","Yes","4,493,640","NASDAQ","$2B (Micro)","1.91","9.6%"
"NET","Cloudflare Inc","Yes","2,053,090","NYS","$69B (Large)","1.97","2.5%"
"NEXT","NextDecade Corp","Yes","4,587,120","NASDAQ","$1B (Micro)","1.98","5.9%"
"NINE","Nine Energy Service Inc","Yes","2,411,220","NYS","$15M (Micro)","2.24","6.1%"
"NIO","NIO Inc","Yes","30,787,220","NYS","$12B (Mid)","1.07","6.4%"
"NKE","Nike Inc","Yes","16,489,000","NYS","$87B (Large)","1.27","2.6%"
"NKTR","Nektar Therapeutics","Yes","1,209,100","NASDAQ","$895M (Micro)","1.34","8.9%"
"NLY","Annaly Capital Management Inc","Yes","6,810,190","NYS","$16B (Mid)","1.30","1.8%"
"NMRK","Newmark Group Inc","Yes","1,251,470","NASDAQ","$3B (Small)","1.91","1.9%"
"NRDY","Nerdy Inc","Yes","1,878,280","NYS","$229M (Micro)","1.80","3.7%"
"NRG","NRG Energy Inc","Yes","2,071,670","NYS","$30B (Mid)","1.25","2.4%"
"NSA","National Storage Affiliates Trust","Yes","1,104,760","NYS","$2B (Small)","1.20","7.6%"
"NSC","Norfolk Southern Corp","Yes","1,530,320","NYS","$65B (Large)","1.32","3.3%"
"NTAP","NetApp Inc","Yes","1,741,910","NASDAQ","$22B (Mid)","1.37","7.7%"
"NTRA","Natera Inc","Yes","1,283,520","NASDAQ","$32B (Mid)","1.62","2.7%"
"NU","Nu Holdings Ltd","Yes","41,401,930","NYS","$79B (Large)","1.09","2.1%"
"NUE","Nucor Corp","Yes","1,604,040","NYS","$36B (Mid)","1.88","1.8%"
"NVT","nVent Electric PLC","Yes","2,760,650","NYS","$16B (Mid)","1.34","1.9%"
"NXDR","Nextdoor Holdings Inc","Yes","21,051,750","NYS","$855M (Micro)","1.16","1.3%"
"NXPI","NXP Semiconductors NV","Yes","2,588,610","NASDAQ","$57B (Large)","1.45","2.5%"
"NYT","New York Times Co","Yes","2,058,320","NYS","$11B (Mid)","1.10","6.3%"
"OC","Owens Corning","Yes","1,350,300","NYS","$9B (Mid)","1.33","3.2%"
"ODFL","Old Dominion Freight Line Inc","Yes","2,657,160","NASDAQ","$33B (Mid)","1.26","5.1%"
"OLN","Olin Corp","Yes","2,765,690","NYS","$2B (Small)","1.63","7.9%"
"OLPX","Olaplex Holdings Inc","Yes","1,465,700","NASDAQ","$841M (Micro)","2.23","1.3%"
"OMF","OneMain Holdings Inc","Yes","1,282,710","NYS","$8B (Mid)","1.29","4.6%"
"ON","ON Semiconductor Corp","Yes","8,032,960","NASDAQ","$22B (Mid)","1.53","9.7%"
"ONON","On Holding AG","Yes","4,776,290","NYS","$16B (Mid)","2.14","5.2%"
"OPK","OPKO Health Inc","Yes","3,683,970","NASDAQ","$1B (Micro)","1.38","4.4%"
"OPTT","Ocean Power Technologies Inc","Yes","4,991,620","NYS","$69M (Micro)","2.40","9.8%"
"OPTU","Optimum Communications Inc","Yes","2,771,940","NYS","$799M (Micro)","1.52","6.9%"
"ORBS","Eightco Holdings Inc","Yes","2,704,400","NASDAQ","$461M (Micro)","2.90","3.9%"
"ORC","Orchid Island Capital Inc","Yes","5,575,090","NYS","$1B (Micro)","1.66","6.7%"
"ORGO","Organogenesis Holdings Inc","Yes","1,731,110","NASDAQ","$732M (Micro)","1.36","8.6%"
"OTIS","Otis Worldwide Corp","Yes","2,948,390","NYS","$34B (Mid)","1.01","2.0%"
"OUT","OUTFRONT Media Inc","Yes","1,318,210","NYS","$4B (Small)","1.55","9.3%"
"OWL","Blue Owl Capital Inc","Yes","13,225,100","NYS","$24B (Mid)","1.11","4.4%"
"PAGS","PagSeguro Digital Ltd","Yes","4,132,590","NYS","$3B (Small)","1.41","5.2%"
"PARR","Par Pacific Holdings Inc","Yes","1,092,160","NYS","$2B (Micro)","1.25","8.5%"
"PATH","UiPath Inc","Yes","23,020,420","NYS","$9B (Mid)","1.06","7.9%"
"PCAR","Paccar Inc","Yes","3,775,060","NASDAQ","$59B (Large)","1.01","2.1%"
"PCVX","Vaxcyte Inc","Yes","1,357,820","NASDAQ","$6B (Small)","1.35","7.1%"
"PEGA","Pegasystems Inc","Yes","1,082,020","NASDAQ","$10B (Mid)","1.08","3.7%"
"PGEN","Precigen Inc","Yes","4,249,220","NASDAQ","$2B (Micro)","1.09","8.2%"
"PHM","Pultegroup Inc","Yes","1,715,850","NYS","$23B (Mid)","1.34","3.0%"
"PLAB","Photronics Inc","Yes","3,298,720","NASDAQ","$2B (Micro)","1.47","8.5%"
"PLBY","Playboy Inc","Yes","1,763,950","NASDAQ","$198M (Micro)","2.64","1.6%"
"PLD","Prologis Inc","Yes","3,488,410","NYS","$118B (Large)","1.41","1.2%"
"PLG","Platinum Group Metals Ltd","Yes","4,777,330","NYS","$311M (Micro)","1.18","3.4%"
"PLNT","Planet Fitness Inc","Yes","1,352,220","NYS","$9B (Mid)","1.27","8.0%"
"PLRX","Pliant Therapeutics Inc","Yes","1,476,100","NASDAQ","$76M (Micro)","1.39","6.3%"
"PLTR","Palantir Technologies Inc","Yes","38,565,450","NASDAQ","$461B (Large)","1.53","2.1%"
"PLYM","Plymouth Industrial REIT Inc","Yes","1,789,570","NYS","$975M (Micro)","1.25","3.0%"
"PMT","PennyMac Mortgage Investment Trust","Yes","1,076,310","NYS","$1B (Micro)","1.25","5.4%"
"PNR","Pentair PLC","Yes","1,168,000","NYS","$17B (Mid)","1.21","2.0%"
"PPG","PPG Industries Inc","Yes","1,954,650","NYS","$23B (Mid)","1.16","2.1%"
"PRIM","Primoris Services Corp","Yes","1,259,950","NYS","$7B (Small)","1.37","3.0%"
"PRM","Perimeter Solutions Inc","Yes","1,168,400","NYS","$4B (Small)","1.96","2.2%"
"PROK","Prokidney Corp","Yes","1,549,390","NASDAQ","$743M (Micro)","1.80","4.6%"
"PSA","Public Storage","Yes","1,372,590","NYS","$45B (Large)","1.02","1.9%"
"PSKY","Paramount Skydance Corp","Yes","16,044,250","NASDAQ","$14B (Mid)","1.20","5.0%"
"PSNL","Personalis Inc","Yes","1,469,410","NASDAQ","$759M (Micro)","1.99","8.7%"
"PSTG","Pure Storage Inc","Yes","4,353,780","NYS","$23B (Mid)","1.28","2.8%"
"PTC","PTC Inc","Yes","1,027,730","NASDAQ","$21B (Mid)","1.01","2.8%"
"PTGX","Protagonist Therapeutics Inc","Yes","1,265,580","NASDAQ","$5B (Small)","2.26","8.9%"
"PVH","PVH Corp","Yes","1,003,980","NYS","$3B (Small)","1.73","8.4%"
"PWR","Quanta Services Inc","Yes","1,079,020","NYS","$64B (Large)","1.16","2.9%"
"PYPL","PayPal Holdings Inc","Yes","16,248,110","NASDAQ","$56B (Large)","1.42","4.6%"
"PYXS","Pyxis Oncology Inc","Yes","1,459,770","NASDAQ","$79M (Micro)","1.50","7.3%"
"QCOM","Qualcomm Inc","Yes","8,065,460","NASDAQ","$187B (Large)","1.20","2.4%"
"QS","Quantumscape Corp","Yes","17,931,170","NYS","$7B (Small)","2.61","8.9%"
"QSI","Quantum-Si Inc","Yes","4,037,860","NASDAQ","$274M (Micro)","3.02","7.3%"
"RBLX","Roblox Corp","Yes","7,305,230","NYS","$58B (Large)","1.65","2.2%"
"RCL","Royal Caribbean Cruises Ltd","Yes","2,713,970","NYS","$80B (Large)","1.93","4.0%"
"RDNT","RadNet Inc","Yes","1,322,730","NASDAQ","$6B (Small)","1.51","9.2%"
"REKR","Rekor Systems Inc","Yes","2,395,500","NASDAQ","$212M (Micro)","2.03","9.7%"
"REXR","Rexford Industrial Realty Inc","Yes","2,500,870","NYS","$10B (Mid)","1.23","5.9%"
"REZI","Resideo Technologies Inc","Yes","1,454,010","NYS","$5B (Small)","1.71","3.0%"
"RF","Regions Financial Corp","Yes","11,661,680","NYS","$24B (Mid)","1.03","5.5%"
"RITM","Rithm Capital Corp","Yes","5,337,340","NYS","$6B (Small)","1.22","1.6%"
"RJF","Raymond James Financial Inc","Yes","1,326,880","NYS","$32B (Mid)","1.00","3.6%"
"RKLB","Rocket Lab Corp","Yes","26,475,180","NASDAQ","$32B (Mid)","2.15","8.6%"
"RKT","Rocket Companies Inc","Yes","18,162,390","NYS","$54B (Large)","2.30","1.4%"
"RMBS","Rambus Inc","Yes","1,483,640","NASDAQ","$10B (Mid)","1.51","3.4%"
"RNG","RingCentral Inc","Yes","1,214,060","NYS","$3B (Small)","1.21","8.8%"
"ROIV","Roivant Sciences Ltd","Yes","9,908,870","NASDAQ","$16B (Mid)","1.22","3.3%"
"ROKU","Roku Inc","Yes","3,555,350","NASDAQ","$16B (Mid)","1.93","4.0%"
"ROST","Ross Stores Inc","Yes","2,710,860","NASDAQ","$59B (Large)","1.00","2.1%"
"RPAY","Repay Holdings Corp","Yes","1,553,140","NASDAQ","$357M (Micro)","1.60","5.6%"
"RPM","RPM International Inc","Yes","1,026,780","NYS","$13B (Mid)","1.10","1.5%"
"RSI","Rush Street Interactive Inc","Yes","1,253,610","NYS","$4B (Small)","1.56","4.2%"
"RVLV","Revolve Group Inc","Yes","1,051,940","NYS","$2B (Micro)","1.74","9.0%"
"RVTY","Revvity Inc","Yes","1,322,110","NYS","$11B (Mid)","1.06","7.2%"
"RWT","Redwood Trust Inc","Yes","1,538,370","NYS","$733M (Micro)","1.61","4.8%"
"RXT","Rackspace Technology Inc","Yes","1,360,770","NASDAQ","$251M (Micro)","2.12","2.2%"
"RYTM","Rhythm Pharmaceuticals Inc","Yes","1,218,700","NASDAQ","$7B (Small)","2.00","8.2%"
"SABR","Sabre Corp","Yes","6,474,940","NASDAQ","$584M (Micro)","1.07","8.0%"
"SATL","Satellogic Inc","Yes","3,842,340","NASDAQ","$245M (Micro)","1.35","4.0%"
"SCCO","Southern Copper Corp","Yes","1,075,440","NYS","$118B (Large)","1.06","1.2%"
"SE","Sea Ltd","Yes","5,454,400","NYS","$72B (Large)","1.59","3.4%"
"SEE","Sealed Air Corp","Yes","5,340,920","NYS","$6B (Small)","1.36","5.7%"
"SEM","Select Medical Holdings Corp","Yes","1,099,400","NYS","$2B (Micro)","1.25","3.8%"
"SEMR","SEMrush Holdings Inc","Yes","1,501,850","NYS","$2B (Micro)","1.55","3.6%"
"SGHC","SGHC Ltd","Yes","2,044,080","NYS","$6B (Small)","1.08","2.4%"
"SGI","Somnigroup International Inc","Yes","1,532,320","NYS","$19B (Mid)","1.31","3.1%"
"SGMO","Sangamo Therapeutics Inc","Yes","3,900,660","NASDAQ","$145M (Micro)","1.30","3.5%"
"SHC","Sotera Health Co","Yes","2,527,180","NASDAQ","$5B (Small)","1.83","2.7%"
"SHLS","Shoals Technologies Group Inc","Yes","4,664,120","NASDAQ","$1B (Micro)","1.69","8.1%"
"SHO","Sunstone Hotel Investors Inc","Yes","1,874,100","NYS","$2B (Micro)","1.02","6.7%"
"SHOP","Shopify Inc","Yes","6,397,950","NASDAQ","$221B (Large)","2.82","1.3%"
"SHW","Sherwin-Williams Co","Yes","1,779,270","NYS","$80B (Large)","1.26","1.8%"
"SITC","Site Centers Corp","Yes","2,155,330","NYS","$330M (Micro)","1.06","6.5%"
"SKYT","Skywater Technology Inc","Yes","1,414,380","NASDAQ","$761M (Micro)","3.49","6.6%"
"SLM","SLM Corp","Yes","5,384,980","NASDAQ","$6B (Small)","1.13","8.1%"
"SM","SM Energy Co","Yes","2,929,620","NYS","$2B (Small)","1.07","8.7%"
"SMRT","SmartRent Inc","Yes","1,498,170","NYS","$395M (Micro)","1.76","2.0%"
"SMTC","Semtech Corp","Yes","1,647,130","NASDAQ","$7B (Small)","2.02","7.1%"
"SNDR","Schneider National Inc","Yes","1,028,430","NYS","$5B (Small)","1.06","2.3%"
"SNOW","Snowflake Inc","Yes","6,000,290","NYS","$76B (Large)","1.15","3.6%"
"SNPS","Synopsys Inc","Yes","2,520,860","NASDAQ","$88B (Large)","1.11","2.3%"
"SOFI","SoFi Technologies Inc","Yes","60,979,830","NASDAQ","$34B (Mid)","1.94","9.6%"
"SONO","Sonos Inc","Yes","1,533,180","NASDAQ","$2B (Small)","2.01","6.9%"
"SPG","Simon Property Group Inc","Yes","1,540,440","NYS","$60B (Large)","1.40","1.4%"
"SPOT","Spotify Technology SA","Yes","2,060,180","NYS","$120B (Large)","1.66","3.5%"
"SQM","Sociedad Quimica y Minera de Chile SA","Yes","1,272,790","NYS","$10B (Mid)","1.02","2.3%"
"SRAD","Sportradar Group AG","Yes","1,688,450","NASDAQ","$7B (Small)","2.01","3.4%"
"SSNC","SS&C Technologies Holdings Inc","Yes","1,351,430","NASDAQ","$21B (Mid)","1.19","1.5%"
"ST","Sensata Technologies Holding PLC","Yes","1,628,590","NYS","$5B (Small)","1.14","4.3%"
"STAA","STAAR Surgical Co","Yes","2,213,740","NASDAQ","$1B (Micro)","1.01","7.4%"
"STAG","STAG Industrial Inc","Yes","1,520,500","NYS","$7B (Small)","1.06","4.4%"
"STGW","Stagwell Inc","Yes","1,534,510","NASDAQ","$1B (Micro)","1.65","3.1%"
"STLD","Steel Dynamics Inc","Yes","1,377,880","NASDAQ","$25B (Mid)","1.48","2.5%"
"STNE","StoneCo Ltd","Yes","6,763,440","NASDAQ","$4B (Small)","1.84","5.2%"
"STT","State Street Corp","Yes","2,253,980","NYS","$36B (Mid)","1.44","1.7%"
"STWD","Starwood Property Trust Inc","Yes","3,247,200","NYS","$7B (Small)","1.15","3.4%"
"STX","Seagate Technology Holdings PLC","Yes","3,425,570","NASDAQ","$65B (Large)","1.61","6.1%"
"SUIG","SUI Group Holdings Ltd","Yes","1,454,210","NASDAQ","$150M (Micro)","1.22","2.0%"
"SUPV","Grupo Supervielle SA","Yes","1,214,840","NYS","$1B (Micro)","1.75","5.2%"
"SVC","Service Properties Trust","Yes","1,068,770","NASDAQ","$321M (Micro)","1.43","2.8%"
"SWBI","Smith & Wesson Brands Inc","Yes","1,139,990","NASDAQ","$461M (Micro)","1.06","6.1%"
"SWK","Stanley Black & Decker Inc","Yes","1,643,420","NYS","$11B (Mid)","1.20","3.2%"
"SWKS","Skyworks Solutions Inc","Yes","2,576,170","NASDAQ","$10B (Mid)","1.29","8.4%"
"SYF","Synchrony Financial","Yes","3,210,350","NYS","$30B (Mid)","1.41","5.6%"
"SYM","Symbotic Inc","Yes","3,974,680","NASDAQ","$36B (Mid)","2.17","2.2%"
"TALK","Talkspace Inc","Yes","1,172,150","NASDAQ","$596M (Micro)","1.17","4.2%"
"TARA","Protara Therapeutics Inc","Yes","1,607,780","NASDAQ","$272M (Micro)","1.44","7.2%"
"TBLA","Taboola.com Ltd","Yes","1,626,770","NASDAQ","$1B (Micro)","1.28","1.8%"
"TE","T1 Energy Inc","Yes","26,045,610","NYS","$2B (Micro)","1.54","5.8%"
"TECH","Bio-Techne Corp","Yes","1,972,670","NASDAQ","$9B (Mid)","1.48","5.9%"
"TEL","TE Connectivity PLC","Yes","2,137,550","NYS","$68B (Large)","1.24","1.1%"
"TER","Teradyne Inc","Yes","2,862,270","NASDAQ","$31B (Mid)","1.83","3.7%"
"TEX","Terex Corp","Yes","1,362,600","NYS","$4B (Small)","1.65","7.8%"
"TGB","Taseko Mines Ltd","Yes","5,925,870","NYS","$2B (Micro)","1.28","2.0%"
"TGT","Target Corp","Yes","6,605,930","NYS","$44B (Large)","1.11","3.8%"
"TMC","TMC the metals company Inc","Yes","7,627,000","NASDAQ","$3B (Small)","1.83","6.2%"
"TMHC","Taylor Morrison Home Corp","Yes","1,170,260","NYS","$6B (Small)","1.58","5.4%"
"TOL","Toll Brothers Inc","Yes","1,696,460","NYS","$13B (Mid)","1.42","3.8%"
"TOST","Toast Inc","Yes","7,042,670","NYS","$21B (Mid)","1.92","4.3%"
"TPG","TPG Inc","Yes","1,926,600","NASDAQ","$24B (Mid)","1.48","2.4%"
"TPR","Tapestry Inc","Yes","2,981,390","NYS","$26B (Mid)","1.63","6.8%"
"TREX","Trex Company Inc","Yes","1,931,080","NYS","$4B (Small)","1.55","6.5%"
"TRMB","Trimble Inc","Yes","1,248,520","NASDAQ","$19B (Mid)","1.58","2.0%"
"TROW","T Rowe Price Group Inc","Yes","2,141,740","NASDAQ","$23B (Mid)","1.53","6.1%"
"TRU","TransUnion","Yes","1,941,880","NYS","$17B (Mid)","1.71","4.2%"
"TSLA","Tesla Inc","Yes","82,666,360","NASDAQ","$2T (Large)","1.81","2.1%"
"TT","Trane Technologies PLC","Yes","1,402,730","NYS","$86B (Large)","1.22","1.2%"
"TTI","Tetra Technologies Inc","Yes","2,401,650","NYS","$1B (Micro)","1.11","4.8%"
"TTMI","TTM Technologies Inc","Yes","2,201,390","NASDAQ","$7B (Small)","1.75","4.9%"
"TWLO","Twilio Inc","Yes","2,330,720","NYS","$21B (Mid)","1.30","3.7%"
"TWO","Two Harbors Investment Corp","Yes","4,401,980","NYS","$1B (Micro)","1.20","9.5%"
"U","Unity Software Inc","Yes","8,533,880","NYS","$20B (Mid)","2.04","5.7%"
"UAL","United Airlines Holdings Inc","Yes","5,386,890","NASDAQ","$37B (Mid)","1.30","3.9%"
"UBER","Uber Technologies Inc","Yes","23,490,430","NYS","$165B (Large)","1.21","2.5%"
"UDMY","Udemy Inc","Yes","5,893,430","NASDAQ","$862M (Micro)","1.69","3.4%"
"UEC","Uranium Energy Corp","Yes","10,543,810","NYS","$6B (Small)","1.24","9.4%"
"UGI","UGI Corp","Yes","2,407,820","NYS","$8B (Mid)","1.08","5.7%"
"UMC","United Microelectronics Corp","Yes","9,597,990","NYS","$20B (Mid)","1.01","2.0%"
"UNIT","Uniti Group Inc (Delaware)","Yes","3,005,280","NASDAQ","$2B (Micro)","1.44","4.6%"
"UP","Wheels Up Experience Inc","Yes","2,827,620","NYS","$477M (Micro)","2.34","1.7%"
"UPS","United Parcel Service Inc","Yes","5,633,590","NYS","$86B (Large)","1.08","2.3%"
"UPWK","Upwork Inc","Yes","2,955,410","NASDAQ","$3B (Small)","1.00","8.9%"
"USB","US Bancorp","Yes","9,483,080","NYS","$84B (Large)","1.08","1.2%"
"USFD","US Foods Holding Corp","Yes","2,060,760","NYS","$17B (Mid)","1.03","3.8%"
"UWMC","UWM Holdings Corp","Yes","14,018,230","NYS","$8B (Mid)","1.93","2.0%"
"VEEV","Veeva Systems Inc","Yes","2,097,640","NYS","$36B (Mid)","1.08","3.0%"
"VELO","Velo3D Inc","Yes","2,006,600","NASDAQ","$239M (Micro)","1.90","6.6%"
"VERI","Veritone Inc","Yes","3,129,930","NASDAQ","$460M (Micro)","2.03","7.7%"
"VFC","VF Corp","Yes","6,743,370","NYS","$7B (Small)","1.67","7.0%"
"VFF","Village Farms International Inc","Yes","4,069,090","NASDAQ","$470M (Micro)","1.25","4.4%"
"VIR","Vir Biotechnology Inc","Yes","1,761,500","NASDAQ","$801M (Micro)","1.40","7.9%"
"VLY","Valley National Bancorp","Yes","7,128,380","NASDAQ","$7B (Small)","1.09","5.6%"
"VMC","Vulcan Materials Co","Yes","1,046,400","NYS","$39B (Mid)","1.06","3.1%"
"VNO","Vornado Realty Trust","Yes","1,691,320","NYS","$6B (Small)","1.51","3.7%"
"VNT","Vontier Corp","Yes","1,398,330","NYS","$5B (Small)","1.27","3.3%"
"VOR","Vor Biopharma Inc","Yes","6,317,370","NASDAQ","$444M (Micro)","1.98","1.8%"
"VRA","Vera Bradley Inc","Yes","1,761,920","NASDAQ","$66M (Micro)","1.80","4.7%"
"VRT","Vertiv Holdings Co","Yes","8,495,510","NYS","$61B (Large)","2.08","2.1%"
"VSH","Vishay Intertechnology Inc","Yes","1,407,040","NYS","$2B (Micro)","1.11","8.1%"
"VST","Vistra Corp","Yes","5,357,230","NYS","$55B (Large)","1.42","2.1%"
"VTYX","Ventyx Biosciences Inc","Yes","1,665,660","NASDAQ","$624M (Micro)","1.28","8.6%"
"VVV","Valvoline Inc","Yes","3,489,540","NYS","$4B (Small)","1.18","8.0%"
"WAL","Western Alliance Bancorp","Yes","1,015,550","NYS","$10B (Mid)","1.32","3.9%"
"WBD","Warner Bros Discovery Inc","Yes","94,319,050","NASDAQ","$69B (Large)","1.56","3.2%"
"WBS","Webster Financial Corp","Yes","1,628,800","NYS","$10B (Mid)","1.03","2.6%"
"WDAY","Workday Inc","Yes","2,843,990","NASDAQ","$57B (Large)","1.14","3.8%"
"WDC","Western Digital Corp","Yes","6,638,940","NASDAQ","$62B (Large)","1.78","9.8%"
"WEAV","Weave Communications Inc","Yes","1,368,900","NYS","$541M (Micro)","1.69","5.0%"
"WFC","Wells Fargo & Co","Yes","14,587,650","NYS","$292B (Large)","1.08","1.3%"
"WIT","Wipro Ltd","Yes","7,253,000","NYS","$32B (Mid)","1.02","1.2%"
"WIX","Wix.Com Ltd","Yes","1,220,400","NASDAQ","$6B (Small)","1.41","7.8%"
"WKC","World Kinect Corp","Yes","1,284,120","NYS","$1B (Micro)","1.13","8.0%"
"WMG","Warner Music Group Corp","Yes","3,258,810","NASDAQ","$15B (Mid)","1.24","1.1%"
"WOOF","Petco Health and Wellness Company Inc","Yes","1,836,160","NASDAQ","$932M (Micro)","1.71","5.8%"
"WRBY","Warby Parker Inc","Yes","8,522,550","NYS","$3B (Small)","1.99","9.0%"
"WSM","Williams-Sonoma Inc","Yes","1,277,530","NYS","$23B (Mid)","1.57","5.8%"
"WWR","Westwater Resources Inc","Yes","2,048,460","NYS","$103M (Micro)","1.47","5.9%"
"WWW","Wolverine World Wide Inc","Yes","1,529,810","NYS","$2B (Micro)","1.92","8.7%"
"WY","Weyerhaeuser Co","Yes","9,056,790","NYS","$17B (Mid)","1.03","2.1%"
"WYNN","Wynn Resorts Ltd","Yes","1,296,820","NASDAQ","$13B (Mid)","1.07","4.2%"
"XP","XP Inc","Yes","7,883,820","NASDAQ","$8B (Mid)","1.21","3.8%"
"XPEV","Xpeng Inc","Yes","7,250,670","NYS","$19B (Mid)","1.15","4.0%"
"XPO","XPO Inc","Yes","1,728,390","NYS","$16B (Mid)","2.06","8.0%"
"XPRO","Expro Group Holdings NV","Yes","1,090,260","NYS","$1B (Micro)","1.02","5.1%"
"XRAY","DENTSPLY SIRONA Inc","Yes","3,685,120","NASDAQ","$2B (Small)","1.00","6.7%"
"XYL","Xylem Inc","Yes","1,404,150","NYS","$34B (Mid)","1.17","1.3%"
"XYZ","Block Inc","Yes","5,848,810","NYS","$40B (Mid)","2.66","3.3%"
"YPF","YPF SA","Yes","1,230,690","NYS","$14B (Mid)","1.48","2.5%"
"Z","Zillow Group Inc","Yes","3,399,020","NASDAQ","$13B (Mid)","2.08","7.6%"
"ZETA","Zeta Global Holdings Corp","Yes","4,771,850","NYS","$4B (Small)","1.28","8.9%"
"ZNTL","Zentalis Pharmaceuticals Inc","Yes","1,022,420","NASDAQ","$101M (Micro)","1.74","7.0%"
"ZS","Zscaler Inc","Yes","1,753,970","NASDAQ","$37B (Mid)","1.02","3.5%"